_id,library,version_before,version_after
695fbdd627ebe30d37a909d1,io.vertx:vertx-web,3.9.9,4.2.5
695fbdd727ebe30d37a9f9ab,io.vertx:vertx-web,3.7.1,3.8.3
695fbdd627ebe30d37a909f1,io.vertx:vertx-web,3.9.9,4.2.5
695fbdd727ebe30d37abc52e,io.vertx:vertx-web,3.5.3,3.8.1
695fbdd727ebe30d37ab4802,io.vertx:vertx-web,3.5.4,3.6.2
695fbdd727ebe30d37ab88f4,io.vertx:vertx-web,3.7.1,3.8.3
695fbdd727ebe30d37abdea6,io.vertx:vertx-web,3.9.4,4.3.7
695fbdd727ebe30d37aad5d1,io.vertx:vertx-web,4.1.2,4.4.4
695fbdd627ebe30d37a92dbe,org.springframework:spring-web,5.3.27,6.0.12
695fbdd727ebe30d37aac219,org.springframework:spring-web,5.3.31,5.3.32
695fbdd727ebe30d37aa7867,org.springframework:spring-web,5.3.9,6.0.6
695fbdd727ebe30d37aa040e,org.springframework:spring-web,5.3.20,5.3.26
695fbdd727ebe30d37a9dd14,org.springframework:spring-web,5.3.23,6.0.7
695fbdd727ebe30d37a99df5,org.springframework:spring-web,5.3.13,5.3.27
695fbdd727ebe30d37abd3b7,org.springframework:spring-web,5.3.25,6.0.4
695fbdd627ebe30d37a78aa1,org.springframework:spring-web,5.3.4,5.3.13
695fbdd627ebe30d37a6ef8b,org.springframework:spring-web,6.1.4,6.1.5
695fbdd727ebe30d37aa9070,org.elasticsearch:elasticsearch,5.4.0,7.0.1
695fbdd627ebe30d37a7891f,org.elasticsearch:elasticsearch,1.3.5,1.4.2
695fbdd627ebe30d37a80c85,org.elasticsearch:elasticsearch,1.4.2,2.0.0
695fbdd727ebe30d37a9cc4c,org.elasticsearch:elasticsearch,7.10.0,7.10.2
695fbdd727ebe30d37ab0588,org.elasticsearch:elasticsearch,2.2.0,7.4.2
695fbdd727ebe30d37ab5eaa,org.apache.maven:maven-core,2.2.1,3.3.9
695fbdd627ebe30d37a76f1e,org.apache.maven:maven-core,2.2.1,3.0
695fbdd627ebe30d37a7405f,org.apache.maven:maven-core,3.1.0,3.2.5
695fbdd727ebe30d37ab4c47,org.apache.maven:maven-core,2.2.1,3.0
695fbdd627ebe30d37a7a640,org.apache.maven:maven-core,3.0,3.2.5
695fbdd727ebe30d37aa3fea,org.apache.maven:maven-core,2.2.1,3.2.5
695fbdd627ebe30d37a7a654,org.apache.maven:maven-core,3.0,3.2.5
695fbdd727ebe30d37ab9b77,com.google.guava:guava,18.0,23.0
695fbdd727ebe30d37aa37c3,com.google.guava:guava,17.0,21.0
695fbdd627ebe30d37a8373c,com.google.guava:guava,14.0,23.0
695fbdd627ebe30d37a6fa00,com.google.guava:guava,14.0.1,16.0.1
695fbdd627ebe30d37a7fdea,com.google.guava:guava,13.0,17.0
695fbdd627ebe30d37a85a68,com.google.guava:guava,12.0,18.0
695fbdd727ebe30d37abb062,com.google.guava:guava,13.0,13.0.1
695fbdd627ebe30d37a91252,com.google.guava:guava,18.0,19.0
695fbdd627ebe30d37a8df08,com.azure:azure-core-amqp,1.0.2,1.1.0
695fbdd627ebe30d37a70284,com.azure:azure-core-amqp,1.0.1,1.3.0
695fbdd627ebe30d37a8df0a,com.azure:azure-core-amqp,1.0.2,1.1.0
695fbdd627ebe30d37a85011,com.azure:azure-core-amqp,2.4.2,2.5.2
695fbdd727ebe30d37ab0e4d,com.azure:azure-core-amqp,2.0.5,2.3.0
695fbdd627ebe30d37a96379,org.neo4j.driver:neo4j-java-driver,4.4.9,5.0.0
695fbdd727ebe30d37aad10b,org.neo4j.driver:neo4j-java-driver,1.7.5,4.1.1
695fbdd627ebe30d37a7dc8e,org.neo4j.driver:neo4j-java-driver,1.7.0,4.0.0
695fbdd727ebe30d37aad0df,org.neo4j.driver:neo4j-java-driver,1.7.5,4.1.1
695fbdd627ebe30d37a96eec,org.neo4j.driver:neo4j-java-driver,1.7.3,4.0.0
695fbdd727ebe30d37ac1455,org.neo4j.driver:neo4j-java-driver,1.7.5,4.0.1
695fbdd627ebe30d37a89e5f,org.apache.mesos:mesos,0.20.1,0.21.0
695fbdd727ebe30d37aa54f9,org.apache.mesos:mesos,0.19.1,0.21.0
695fbdd627ebe30d37a7492b,org.apache.mesos:mesos,0.22.0,0.28.1
695fbdd727ebe30d37ab2927,org.apache.mesos:mesos,0.20.0,0.21.1
695fbdd727ebe30d37aa48a3,org.apache.mesos:mesos,0.20.0,0.21.1
695fbdd727ebe30d37aa044d,org.apache.mesos:mesos,0.23.1,1.1.0
695fbdd627ebe30d37a7c0b0,com.alibaba.fastjson2:fastjson2,2.0.21,2.0.23
695fbdd727ebe30d37ab846a,com.alibaba.fastjson2:fastjson2,2.0.14,2.0.17
695fbdd627ebe30d37a8ad33,com.alibaba.fastjson2:fastjson2,2.0.3,2.0.7
695fbdd627ebe30d37a72006,com.alibaba.fastjson2:fastjson2,2.0.8,2.0.10
695fbdd727ebe30d37ac05ee,com.alibaba.fastjson2:fastjson2,2.0.3,2.0.7
695fbdd627ebe30d37a82100,com.alibaba.fastjson2:fastjson2,2.0.26,2.0.47
695fbdd727ebe30d37aa1bab,com.alibaba.fastjson2:fastjson2,2.0.7,2.0.14
695fbdd627ebe30d37a984b2,org.twitter4j:twitter4j-core,2.1.1,2.2.5
695fbdd727ebe30d37aaa086,org.twitter4j:twitter4j-core,2.1.7,2.2.5
695fbdd627ebe30d37a71851,org.twitter4j:twitter4j-core,4.0.7,4.1.2
695fbdd627ebe30d37a87bb8,org.twitter4j:twitter4j-core,2.2.5,3.0.3
695fbdd627ebe30d37a7b8f5,org.twitter4j:twitter4j-core,4.0.7,4.1.2
695fbdd727ebe30d37abf3c1,org.twitter4j:twitter4j-core,4.0.7,4.1.2
695fbdd627ebe30d37a72b1c,org.mockito:mockito-core,3.3.0,3.12.4
695fbdd727ebe30d37aa7990,org.mockito:mockito-core,3.12.4,5.8.0
695fbdd627ebe30d37a7c32e,org.mockito:mockito-core,1.10.19,2.10.0
695fbdd627ebe30d37a7b85b,org.mockito:mockito-core,2.15.0,2.27.0
695fbdd727ebe30d37a9c4e0,org.mockito:mockito-core,3.5.13,3.9.0
695fbdd627ebe30d37a7c32a,org.mockito:mockito-core,1.10.19,2.10.0
695fbdd627ebe30d37a75ed9,org.mockito:mockito-core,1.10.19,2.23.4
695fbdd627ebe30d37a73a87,org.mockito:mockito-core,1.9.5,3.6.28
695fbdd627ebe30d37a7bcb6,org.mockito:mockito-core,4.0.0,4.11.0
695fbdd627ebe30d37a7d633,com.mesosphere:marathon-client,0.3.0,0.6.2
695fbdd627ebe30d37a93057,com.mesosphere:marathon-client,0.3.0,0.5.0
695fbdd627ebe30d37a78f0e,com.mesosphere:marathon-client,0.3.0,0.5.0
695fbdd727ebe30d37ab80fe,com.mesosphere:marathon-client,0.3.0,0.5.0
695fbdd727ebe30d37a9da7e,com.mesosphere:marathon-client,0.3.0,0.6.0
695fbdd727ebe30d37ab80f1,com.google.zxing:javase,2.2,3.3.0
695fbdd627ebe30d37a907a2,com.google.zxing:javase,3.4.0,3.4.1
695fbdd727ebe30d37aa8c48,com.googlecode.objectify:objectify,6.0.7,6.1.0
695fbdd627ebe30d37a83500,com.googlecode.objectify:objectify,5.1.25,6.0.9
695fbdd727ebe30d37ab614a,com.googlecode.objectify:objectify,4.1.3,5.1.5
695fbdd727ebe30d37ab6aec,com.googlecode.objectify:objectify,5.1.9,6.0.4
695fbdd727ebe30d37ab614c,com.googlecode.objectify:objectify,4.1.3,5.1.5
695fbdd627ebe30d37a962d6,com.googlecode.objectify:objectify,5.0.5,5.1.10
695fbdd727ebe30d37aaf595,com.googlecode.objectify:objectify,5.0.5,5.1.10
695fbdd627ebe30d37a7d6d3,com.googlecode.objectify:objectify,5.1.21,6.0
695fbdd727ebe30d37aa8cae,com.googlecode.objectify:objectify,5.0.3,5.1.21
695fbdd627ebe30d37a72cf5,io.airlift:log,0.124,0.125
695fbdd627ebe30d37a90531,io.airlift:log,0.172,0.173
695fbdd727ebe30d37a9e5f8,io.airlift:log,218,219
695fbdd727ebe30d37aa47f0,io.airlift:log,0.178,0.179
695fbdd627ebe30d37a84561,io.airlift:log,202,208
695fbdd727ebe30d37aad3a2,io.airlift:log,0.117,0.124
695fbdd627ebe30d37a8f31d,org.apache.hadoop:hadoop-common,3.0.3,3.2.0
695fbdd727ebe30d37abb1dd,org.apache.hadoop:hadoop-common,3.1.2,3.2.0
695fbdd627ebe30d37a8c927,org.apache.hadoop:hadoop-common,2.8.1,3.1.0
695fbdd727ebe30d37ab5439,org.apache.hadoop:hadoop-common,2.6.1,2.7.2
695fbdd627ebe30d37a91021,junit:junit,4.4,4.12
695fbdd727ebe30d37aa3f28,junit:junit,4.10,4.11
695fbdd627ebe30d37a710cf,junit:junit,4.12,4.13.2
695fbdd727ebe30d37ab340a,junit:junit,4.12,4.13
695fbdd627ebe30d37a8319e,junit:junit,4.12,4.13.2
695fbdd627ebe30d37a78787,junit:junit,4.12,4.13.1
695fbdd627ebe30d37a7037f,junit:junit,4.8.2,4.11
695fbdd627ebe30d37a74acd,edu.stanford.nlp:stanford-corenlp,3.6.0,3.9.2
695fbdd727ebe30d37abc684,edu.stanford.nlp:stanford-corenlp,4.2.0,4.5.1
695fbdd627ebe30d37a89e7b,edu.stanford.nlp:stanford-corenlp,3.5.1,3.5.2
695fbdd627ebe30d37a72028,edu.stanford.nlp:stanford-corenlp,3.5.0,3.8.0
695fbdd727ebe30d37ac0aa5,edu.stanford.nlp:stanford-corenlp,3.4.1,3.9.1
695fbdd627ebe30d37a7abb1,edu.stanford.nlp:stanford-corenlp,1.2.0,1.3.0
695fbdd727ebe30d37aa18b5,edu.stanford.nlp:stanford-corenlp,3.8.0,4.4.0
695fbdd627ebe30d37a7d6e9,edu.stanford.nlp:stanford-corenlp,3.2.0,4.5.1
695fbdd627ebe30d37a7c4fb,org.apache.pinot:pinot-common,0.11.0,0.12.1
695fbdd627ebe30d37a8ba4e,org.apache.pinot:pinot-common,0.12.1,1.1.0
695fbdd627ebe30d37a8955f,org.apache.pinot:pinot-common,0.10.0,0.12.1
695fbdd627ebe30d37a8ee25,org.apache.pinot:pinot-common,0.11.0,0.12.1
695fbdd727ebe30d37a9c61b,org.apache.pinot:pinot-common,0.11.0,0.12.1
695fbdd627ebe30d37a93b95,org.apache.pinot:pinot-common,0.5.0,0.6.0
695fbdd627ebe30d37a7d034,org.apache.pinot:pinot-common,0.5.0,0.6.0
695fbdd727ebe30d37aad652,com.google.api-client:google-api-client,1.25.0,1.30.8
695fbdd627ebe30d37a806e3,com.google.api-client:google-api-client,1.30.9,2.2.0
695fbdd627ebe30d37a74fbb,com.google.api-client:google-api-client,1.19.1,1.21.0
695fbdd627ebe30d37a82a39,com.google.api-client:google-api-client,1.23.0,2.0.0
695fbdd727ebe30d37aa5bff,com.google.api-client:google-api-client,1.20.0,1.26.0
695fbdd727ebe30d37a9faba,io.trino.tempto:tempto-core,183,187
695fbdd627ebe30d37a808a1,io.trino.tempto:tempto-core,185,189
695fbdd627ebe30d37a8b679,io.trino.tempto:tempto-core,185,187
695fbdd627ebe30d37a7ecca,io.trino.tempto:tempto-core,187,188
695fbdd627ebe30d37a72610,io.trino.tempto:tempto-core,186,189
695fbdd627ebe30d37a7260a,io.trino.tempto:tempto-core,186,189
695fbdd727ebe30d37abc69d,io.trino.tempto:tempto-core,186,187
695fbdd727ebe30d37aa1d57,io.trino.tempto:tempto-core,185,186
695fbdd627ebe30d37a8e49d,net.serenity-bdd:serenity-core,1.1.34,1.1.36
695fbdd727ebe30d37aafa07,net.serenity-bdd:serenity-core,1.1.34,1.1.36
695fbdd727ebe30d37aa2e44,net.serenity-bdd:serenity-core,1.1.34,1.1.36
695fbdd727ebe30d37abfadf,net.serenity-bdd:serenity-core,2.0.81,3.2.4
695fbdd727ebe30d37ac11fd,net.serenity-bdd:serenity-core,2.0.20,2.6.0
695fbdd627ebe30d37a79614,net.serenity-bdd:serenity-core,1.1.34,1.1.36
695fbdd627ebe30d37a8e49e,net.serenity-bdd:serenity-core,1.1.34,1.1.36
695fbdd727ebe30d37abeb89,net.serenity-bdd:serenity-core,1.1.34,1.1.36
695fbdd727ebe30d37a9955d,org.junit.jupiter:junit-jupiter-api,5.1.0,5.4.1
695fbdd727ebe30d37aa4dd7,org.junit.jupiter:junit-jupiter-api,5.9.1,5.9.3
695fbdd727ebe30d37abf40a,org.junit.jupiter:junit-jupiter-api,5.10.1,5.10.2
695fbdd727ebe30d37ac0cb1,org.junit.jupiter:junit-jupiter-api,5.6.1,5.7.0
695fbdd727ebe30d37abf3b2,org.junit.jupiter:junit-jupiter-api,5.7.1,5.7.2
695fbdd627ebe30d37a8e0ef,org.junit.jupiter:junit-jupiter-api,5.9.2,5.9.3
695fbdd727ebe30d37ab5c12,org.junit.jupiter:junit-jupiter-api,5.2.0,5.3.2
695fbdd727ebe30d37a9ecd0,org.junit.jupiter:junit-jupiter-api,5.9.1,5.9.2
695fbdd727ebe30d37abcfd0,org.junit.jupiter:junit-jupiter-api,5.6.2,5.8.2
695fbdd727ebe30d37ab5bff,com.icegreen:greenmail,1.5.3,1.5.14
695fbdd727ebe30d37ab5c67,com.icegreen:greenmail,1.5.14,1.6.0
695fbdd627ebe30d37a789fb,com.icegreen:greenmail,1.6.3,1.6.4
695fbdd627ebe30d37a740ab,com.icegreen:greenmail,1.5.9,1.5.10
695fbdd727ebe30d37a9a5aa,com.icegreen:greenmail,1.5.6,1.6.4
695fbdd627ebe30d37a76f6f,com.icegreen:greenmail,1.6.2,2.0.1
695fbdd727ebe30d37aa87d8,com.icegreen:greenmail,1.5.11,1.6.1
695fbdd727ebe30d37abe807,org.apache.flink:flink-table-api-java-bridge_2.11,1.11.1,1.12.0
695fbdd627ebe30d37a90ad4,org.apache.flink:flink-table-api-java-bridge_2.11,1.10.0,1.11.0
695fbdd727ebe30d37abe805,org.apache.flink:flink-table-api-java-bridge_2.11,1.11.1,1.12.0
695fbdd627ebe30d37a8ab27,org.apache.flink:flink-table-api-java-bridge_2.11,1.12.0,1.14.0
695fbdd627ebe30d37a968c9,org.apache.flink:flink-table-api-java-bridge_2.11,1.11.3,1.14.4
695fbdd727ebe30d37aa1495,org.apache.flink:flink-table-api-java-bridge_2.11,1.11.2,1.12.0
695fbdd727ebe30d37a998b0,org.apache.mahout:mahout-math,0.6,0.7
695fbdd627ebe30d37a8e8df,org.apache.mahout:mahout-math,0.6,0.9
695fbdd627ebe30d37a84251,com.azure:azure-core,1.13.0,1.14.1
695fbdd627ebe30d37a74309,com.azure:azure-core,1.37.0,1.38.0
695fbdd727ebe30d37ab51e5,com.azure:azure-core,1.25.0,1.26.0
695fbdd627ebe30d37a7965e,com.azure:azure-core,1.10.0,1.11.0
695fbdd727ebe30d37aa32d9,com.azure:azure-core,1.27.0,1.29.1
695fbdd627ebe30d37a72ad7,com.azure:azure-core,1.30.0,1.32.0
695fbdd727ebe30d37aba896,com.azure:azure-core,1.32.0,1.35.0
695fbdd727ebe30d37ab2997,com.azure:azure-core,1.7.0,1.8.1
695fbdd627ebe30d37a79e3b,com.azure:azure-core,1.36.0,1.39.0
695fbdd627ebe30d37a947ab,org.apache.pdfbox:pdfbox,2.0.29,3.0.0
695fbdd727ebe30d37abee91,org.apache.pdfbox:pdfbox,1.8.16,2.0.20
695fbdd627ebe30d37a8ff44,org.apache.pdfbox:pdfbox,1.8.10,2.0.1
695fbdd627ebe30d37a8ad1f,com.brihaspathee.zeus:zeus-library,1.0.42,1.0.46
695fbdd627ebe30d37a7e4b2,com.brihaspathee.zeus:zeus-library,1.0.40,1.0.42
695fbdd727ebe30d37a9b52e,com.brihaspathee.zeus:zeus-library,1.0.37,1.0.42
695fbdd627ebe30d37a7eadb,org.springframework:spring-core,6.0.12,6.1.1
695fbdd627ebe30d37a78a9c,org.springframework:spring-core,5.3.4,5.3.13
695fbdd727ebe30d37a9c4ab,org.springframework:spring-core,5.3.24,5.3.25
695fbdd627ebe30d37a81c65,org.springframework:spring-core,5.3.29,6.0.10
695fbdd727ebe30d37abc5f6,org.springframework:spring-core,5.3.14,5.3.24
695fbdd627ebe30d37a8fc7f,org.springframework:spring-core,5.3.22,5.3.23
695fbdd627ebe30d37a822ca,org.springframework:spring-core,6.0.11,6.0.12
695fbdd727ebe30d37aa598f,org.springframework:spring-core,5.3.6,5.3.13
695fbdd627ebe30d37a822cb,org.springframework:spring-core,6.0.11,6.0.12
695fbdd727ebe30d37ab646c,org.springframework:spring-core,5.3.19,5.3.24
695fbdd627ebe30d37a843ff,org.testng:testng,6.8,6.8.1
695fbdd627ebe30d37a8ae42,org.testng:testng,6.8,6.11
695fbdd627ebe30d37a84339,org.testng:testng,6.8,6.8.1
695fbdd627ebe30d37a91181,org.testng:testng,7.1.0,7.4.0
695fbdd627ebe30d37a93296,org.testng:testng,6.1.1,6.9.10
695fbdd627ebe30d37a843a3,org.testng:testng,6.8,6.8.1
695fbdd627ebe30d37a789ef,org.testng:testng,6.8,6.14.3
695fbdd627ebe30d37a80a90,org.testng:testng,7.5,7.6.0
695fbdd627ebe30d37a809c6,com.fasterxml.jackson.core:jackson-databind,2.2.3,2.5.3
695fbdd627ebe30d37a72299,com.fasterxml.jackson.core:jackson-databind,2.14.1,2.14.2
695fbdd727ebe30d37aa1fd5,com.fasterxml.jackson.core:jackson-databind,2.10.4,2.11.3
695fbdd727ebe30d37a98e5a,com.fasterxml.jackson.core:jackson-databind,2.8.5,2.8.11
695fbdd727ebe30d37abfaa4,com.fasterxml.jackson.core:jackson-databind,2.13.1,2.13.3
695fbdd727ebe30d37ab050f,com.fasterxml.jackson.core:jackson-databind,2.6.0,2.9.0
695fbdd727ebe30d37aad2b9,com.fasterxml.jackson.core:jackson-databind,2.12.2,2.14.2
695fbdd627ebe30d37a8797c,com.fasterxml.jackson.core:jackson-databind,2.9.9,2.10.4
695fbdd727ebe30d37aa0d4b,org.codehaus.jackson:jackson-mapper-asl,1.5.6,1.6.1
695fbdd727ebe30d37aad0b1,org.codehaus.jackson:jackson-mapper-asl,1.5.0,1.5.5
695fbdd627ebe30d37a750d3,org.codehaus.jackson:jackson-mapper-asl,1.7.1,1.9.2
695fbdd727ebe30d37abc607,org.codehaus.jackson:jackson-mapper-asl,1.8.3,1.9.10
695fbdd727ebe30d37aaa1e5,org.codehaus.jackson:jackson-mapper-asl,1.7.1,1.9.11
695fbdd727ebe30d37aa4a36,org.codehaus.jackson:jackson-mapper-asl,1.8.5,1.9.4
695fbdd727ebe30d37aab8d9,org.codehaus.jackson:jackson-mapper-asl,1.7.0,1.8.1
695fbdd627ebe30d37a865cb,log4j:log4j,1.2.16,1.2.17
695fbdd627ebe30d37a76d3e,log4j:log4j,1.2.16,1.2.17
695fbdd727ebe30d37a9ec59,log4j:log4j,1.2.14,1.2.16
695fbdd727ebe30d37ab4a5c,log4j:log4j,1.2.16,1.2.17
695fbdd727ebe30d37abee1e,log4j:log4j,1.2.16,1.2.17
695fbdd627ebe30d37a7f01e,log4j:log4j,1.2.16,1.2.17
695fbdd727ebe30d37aa4f6b,log4j:log4j,1.2.15,1.2.17
695fbdd627ebe30d37a88266,log4j:log4j,1.2.16,1.2.17
695fbdd727ebe30d37ab4a61,log4j:log4j,1.2.16,1.2.17
695fbdd627ebe30d37a907f5,com.github.jbytecode:RCaller,2.8,3.0.2
695fbdd727ebe30d37a99342,com.github.jbytecode:RCaller,2.8,3.0
695fbdd627ebe30d37a76a7c,org.apache.commons:commons-lang3,3.1,3.3.2
695fbdd727ebe30d37abd36e,org.apache.commons:commons-lang3,3.1,3.2
695fbdd627ebe30d37a7af24,org.apache.commons:commons-lang3,3.11,3.12.0
695fbdd627ebe30d37a94982,org.apache.commons:commons-lang3,3.7,3.8
695fbdd627ebe30d37a7c9e3,org.apache.commons:commons-lang3,3.4,3.5
695fbdd627ebe30d37a8f2e9,org.apache.commons:commons-lang3,3.6,3.9
695fbdd727ebe30d37a9bad8,org.apache.commons:commons-lang3,3.3.2,3.11
695fbdd727ebe30d37ab6b61,org.apache.commons:commons-lang3,3.3.2,3.9
695fbdd627ebe30d37a8fe47,org.apache.commons:commons-lang3,3.9,3.12.0
695fbdd627ebe30d37a7e77e,org.apache.commons:commons-lang3,3.3.2,3.7
695fbdd627ebe30d37a7e4f1,com.amazonaws:aws-java-sdk-ec2,1.11.400,1.11.705
695fbdd627ebe30d37a84bf0,com.amazonaws:aws-java-sdk-ec2,1.11.36,1.11.105
695fbdd727ebe30d37ab4373,com.amazonaws:aws-java-sdk-ec2,1.11.282,1.11.341
695fbdd627ebe30d37a8c2cc,com.amazonaws:aws-java-sdk-ec2,1.11.294,1.11.475
695fbdd627ebe30d37a90df2,com.amazonaws:aws-java-sdk-ec2,1.11.36,1.11.105
695fbdd727ebe30d37ab878b,com.amazonaws:aws-java-sdk-ec2,1.11.33,1.11.125
695fbdd727ebe30d37ab8b17,com.amazonaws:aws-java-sdk-ec2,1.11.64,1.11.125
695fbdd727ebe30d37ab8b21,com.amazonaws:aws-java-sdk-ec2,1.11.64,1.11.125
695fbdd727ebe30d37ab8b14,com.amazonaws:aws-java-sdk-ec2,1.11.64,1.11.125
695fbdd727ebe30d37a99acc,org.slf4j:slf4j-api,1.6.1,1.7.2
695fbdd627ebe30d37a88b85,org.slf4j:slf4j-api,1.7.35,2.0.7
695fbdd727ebe30d37a9f528,org.slf4j:slf4j-api,1.5.2,1.5.6
695fbdd627ebe30d37a7edd8,org.slf4j:slf4j-api,1.6.1,1.7.2
695fbdd727ebe30d37ab1c8a,org.slf4j:slf4j-api,1.7.25,1.7.32
695fbdd627ebe30d37a7fecb,org.slf4j:slf4j-api,1.7.36,2.0.9
695fbdd727ebe30d37aaa19c,org.slf4j:slf4j-api,1.7.14,1.7.19
695fbdd727ebe30d37ab0ff4,org.slf4j:slf4j-api,1.7.10,1.7.30
695fbdd727ebe30d37abfa6c,org.slf4j:slf4j-api,1.7.8,1.7.9
695fbdd727ebe30d37a9b4df,com.vaadin:vaadin-server,7.2.0,7.7.3
695fbdd627ebe30d37a7af2b,com.vaadin:vaadin-server,7.1.7,7.2.7
695fbdd727ebe30d37ab5c0c,com.vaadin:vaadin-server,7.0.7,7.1.0
695fbdd627ebe30d37a9336c,com.vaadin:vaadin-server,7.3.1,7.3.2
695fbdd627ebe30d37a8a48e,org.apache.wicket:wicket-core,1.5.7,6.9.1
695fbdd727ebe30d37ab4c15,org.apache.wicket:wicket-core,1.5.7,6.9.1
695fbdd627ebe30d37a90c3a,org.apache.wicket:wicket-core,9.7.0,9.9.1
695fbdd727ebe30d37ab6870,org.apache.wicket:wicket-core,7.3.0,7.8.0
695fbdd727ebe30d37ac1d5c,org.apache.wicket:wicket-core,7.2.0,7.4.0
695fbdd627ebe30d37a7ea8d,org.apache.wicket:wicket-core,7.10.0,7.11.0
695fbdd627ebe30d37a84b4f,org.apache.wicket:wicket-core,6.26.0,7.10.0
695fbdd627ebe30d37a89c1f,org.apache.wicket:wicket-core,1.5.4,6.0.0
695fbdd627ebe30d37a70770,org.apache.wicket:wicket-core,1.5.7,6.7.0
695fbdd727ebe30d37abe7f6,io.appium:java-client,5.0.4,7.6.0
695fbdd727ebe30d37ac1477,io.appium:java-client,7.4.1,8.3.0
695fbdd627ebe30d37a9433e,io.appium:java-client,4.0.0,4.1.1
695fbdd727ebe30d37abf0f8,io.appium:java-client,7.6.0,8.3.0
695fbdd727ebe30d37aab254,io.appium:java-client,7.5.1,8.5.0
695fbdd627ebe30d37a9153c,org.apache.httpcomponents:httpclient,4.2.3,4.5
695fbdd627ebe30d37a92c17,org.apache.httpcomponents:httpclient,4.2.1,4.3.1
695fbdd727ebe30d37aa8d21,org.apache.httpcomponents:httpclient,4.1.2,4.4
695fbdd727ebe30d37aa153f,org.apache.httpcomponents:httpclient,4.3.6,4.5.12
695fbdd627ebe30d37a72a4e,org.apache.httpcomponents:httpclient,4.3.1,4.3.3
695fbdd627ebe30d37a721e9,org.apache.httpcomponents:httpclient,4.3.5,4.5.2
695fbdd627ebe30d37a7a853,com.graphql-java:graphql-java,14.1,17.3
695fbdd627ebe30d37a744d0,com.graphql-java:graphql-java,15.0,16.1
695fbdd727ebe30d37aaf3e8,com.graphql-java:graphql-java,20.2,21.0
695fbdd627ebe30d37a8b76a,com.graphql-java:graphql-java,18.2,18.3
695fbdd727ebe30d37aa00b5,com.graphql-java:graphql-java,15.0,20.1
695fbdd727ebe30d37aaee3e,com.graphql-java:graphql-java,14.1,15.0
695fbdd727ebe30d37ab4977,com.graphql-java:graphql-java,13.0,14.0
695fbdd627ebe30d37a8eec5,com.graphql-java:graphql-java,11.0,14.0
695fbdd627ebe30d37a7a83b,com.graphql-java:graphql-java,14.1,17.3
695fbdd727ebe30d37ab9848,com.graphql-java:graphql-java,11.0,12.0
695fbdd727ebe30d37aa6781,org.json:json,20160212,20160807
695fbdd627ebe30d37a7e887,org.json:json,20080701,20170516
695fbdd727ebe30d37aa32ef,org.json:json,20140107,20160212
695fbdd627ebe30d37a8aaa3,org.json:json,20220924,20230227
695fbdd627ebe30d37a8fa46,org.json:json,20190722,20210307
695fbdd627ebe30d37a7dd5e,org.json:json,20230227,20231013
695fbdd627ebe30d37a8b724,org.json:json,20190722,20200518
695fbdd727ebe30d37aacf84,org.json:json,20190722,20210307
695fbdd727ebe30d37aa783a,org.json:json,20190722,20230227
695fbdd727ebe30d37a9d3a0,org.smartboot.mqtt:smart-mqtt-common,0.16,0.17
695fbdd627ebe30d37a79737,org.smartboot.mqtt:smart-mqtt-common,0.17,0.18
695fbdd727ebe30d37a9d3a6,org.smartboot.mqtt:smart-mqtt-common,0.16,0.17
695fbdd727ebe30d37a9d3a3,org.smartboot.mqtt:smart-mqtt-common,0.16,0.17
695fbdd627ebe30d37a82889,org.smartboot.mqtt:smart-mqtt-common,0.15,0.16
695fbdd627ebe30d37a80c42,org.smartboot.mqtt:smart-mqtt-common,0.20,0.21
695fbdd727ebe30d37ac037c,org.redisson:redisson,2.2.0,3.5.3
695fbdd727ebe30d37aaf9ac,org.redisson:redisson,2.2.13,3.7.5
695fbdd727ebe30d37ab396b,org.redisson:redisson,2.2.16,2.8.2
695fbdd627ebe30d37a94385,org.redisson:redisson,2.2.26,3.7.5
695fbdd727ebe30d37aaaca5,org.redisson:redisson,1.2.1,2.2.13
695fbdd627ebe30d37a8826e,org.redisson:redisson,2.2.24,2.3.0
695fbdd627ebe30d37a94a60,com.facebook.presto.hadoop:hadoop-apache1,0.2,0.3
695fbdd627ebe30d37a7e729,com.facebook.presto.hadoop:hadoop-apache1,0.3,0.4
695fbdd727ebe30d37ab7953,com.facebook.presto.hadoop:hadoop-apache1,0.2,0.4
695fbdd727ebe30d37aa9832,com.hello2morrow:sonargraph-integration-access,3.1.10,3.3.0
695fbdd627ebe30d37a90334,com.hello2morrow:sonargraph-integration-access,3.1.1,3.1.3
695fbdd627ebe30d37a90335,com.hello2morrow:sonargraph-integration-access,3.1.1,3.1.3
695fbdd727ebe30d37aa5c0d,com.hello2morrow:sonargraph-integration-access,3.3.1,3.4.0
695fbdd727ebe30d37aa5836,com.hello2morrow:sonargraph-integration-access,3.1.5,3.1.7
695fbdd727ebe30d37aa9834,com.hello2morrow:sonargraph-integration-access,3.1.10,3.3.0
695fbdd627ebe30d37a72f5b,com.hello2morrow:sonargraph-integration-access,3.1.0,3.1.5
695fbdd727ebe30d37aaafdb,io.github.bonigarcia:webdrivermanager,2.2.5,3.0.0
695fbdd627ebe30d37a72f78,io.github.bonigarcia:webdrivermanager,1.6.2,3.0.0
695fbdd727ebe30d37aa7742,io.github.bonigarcia:webdrivermanager,3.8.1,4.4.3
695fbdd627ebe30d37a78543,io.github.bonigarcia:webdrivermanager,3.7.1,3.8.1
695fbdd627ebe30d37a785a0,io.github.bonigarcia:webdrivermanager,4.3.1,4.4.3
695fbdd627ebe30d37a85060,io.github.bonigarcia:webdrivermanager,1.6.0,2.2.3
695fbdd627ebe30d37a77b1e,commons-codec:commons-codec,1.9,1.14
695fbdd727ebe30d37aab204,commons-codec:commons-codec,1.9,1.10
695fbdd727ebe30d37ac1a3d,commons-codec:commons-codec,1.2,1.8
695fbdd727ebe30d37aad3f9,commons-codec:commons-codec,1.4,1.7
695fbdd727ebe30d37a9bc85,commons-codec:commons-codec,1.3,1.6
695fbdd627ebe30d37a829f2,commons-codec:commons-codec,1.6,1.9
695fbdd627ebe30d37a7cc87,commons-codec:commons-codec,1.5,20041127.091804
695fbdd727ebe30d37aa67fd,commons-codec:commons-codec,1.4,1.10
695fbdd627ebe30d37a76b1f,commons-codec:commons-codec,1.9,1.10
695fbdd727ebe30d37aaf94e,commons-codec:commons-codec,1.7,1.8
695fbdd627ebe30d37a701a0,io.projectreactor:reactor-test,3.4.3,3.4.5
695fbdd627ebe30d37a714ad,io.projectreactor:reactor-test,3.4.9,3.4.10
695fbdd627ebe30d37a7232b,io.projectreactor:reactor-test,3.4.12,3.4.17
695fbdd627ebe30d37a72ced,de.alpharogroup:file-worker,4.20,4.22
695fbdd727ebe30d37ab9ddf,de.alpharogroup:file-worker,4.20,4.22
695fbdd727ebe30d37ab7449,de.alpharogroup:file-worker,4.16.1,4.22
695fbdd627ebe30d37a77c68,de.alpharogroup:file-worker,4.22,5.2
695fbdd727ebe30d37a9ea85,de.alpharogroup:file-worker,4.22,5.0.1
695fbdd727ebe30d37aa4d2f,de.alpharogroup:file-worker,4.23,5.2
695fbdd627ebe30d37a8a02d,de.alpharogroup:file-worker,4.22,4.23
695fbdd727ebe30d37ac0508,de.alpharogroup:file-worker,4.18.0,4.22
695fbdd727ebe30d37ab13f7,de.alpharogroup:file-worker,4.23,5.0.1
695fbdd727ebe30d37aa977d,com.google.api:gax,1.9.1,1.10.0
695fbdd627ebe30d37a7aa2b,com.google.api:gax,0.13.0,0.14.0
695fbdd627ebe30d37a7aa49,com.google.api:gax,0.13.0,0.14.0
695fbdd727ebe30d37ab5cd5,com.google.api:gax,1.9.1,1.13.0
695fbdd627ebe30d37a7aaad,com.google.api:gax,0.13.0,0.14.0
695fbdd627ebe30d37a7aa7b,com.google.api:gax,0.13.0,0.14.0
695fbdd627ebe30d37a7aab4,com.google.api:gax,0.13.0,0.14.0
695fbdd727ebe30d37abfd1e,org.lwjgl:lwjgl-jawt,3.2.3,3.3.0
695fbdd627ebe30d37a96fe5,org.lwjgl:lwjgl-jawt,3.2.3,3.3.0
695fbdd727ebe30d37a9e5a9,com.couchbase.client:java-client,2.4.6,2.5.0
695fbdd627ebe30d37a70463,com.couchbase.client:java-client,2.7.9,3.2.3
695fbdd627ebe30d37a7de5c,com.couchbase.client:java-client,2.7.9,3.0.8
695fbdd727ebe30d37aa9231,com.couchbase.client:java-client,2.7.14,3.1.0
695fbdd627ebe30d37a7de4d,com.couchbase.client:java-client,2.7.9,3.0.8
695fbdd627ebe30d37a70462,com.couchbase.client:java-client,2.7.9,3.2.3
695fbdd627ebe30d37a932c9,com.couchbase.client:java-client,2.7.9,3.2.3
695fbdd627ebe30d37a88365,redis.clients:jedis,2.9.0,3.6.0
695fbdd727ebe30d37aab01c,redis.clients:jedis,2.7.2,2.9.0
695fbdd627ebe30d37a85047,redis.clients:jedis,2.6.0,2.9.0
695fbdd727ebe30d37aa7938,redis.clients:jedis,3.8.0,4.3.1
695fbdd727ebe30d37ac19a2,redis.clients:jedis,3.9.0,4.2.3
695fbdd627ebe30d37a81a45,redis.clients:jedis,2.9.1,2.9.3
695fbdd627ebe30d37a8fb20,redis.clients:jedis,2.1.0,2.9.0
695fbdd727ebe30d37ab13ca,org.jpmml:pmml-model,1.2.5,1.3.7
695fbdd727ebe30d37a9aa3c,org.jpmml:pmml-model,1.1.16,1.2.2
695fbdd727ebe30d37ac1ba0,org.jpmml:pmml-model,1.2.17,1.3.0
695fbdd727ebe30d37aa1f4e,org.jpmml:pmml-model,1.1.13,1.1.14
695fbdd727ebe30d37ac1b9a,org.jpmml:pmml-model,1.2.17,1.3.0
695fbdd727ebe30d37ac1bac,org.jpmml:pmml-model,1.2.17,1.3.0
695fbdd727ebe30d37ac269f,com.ibm.cloud:sdk-core,8.3.0,9.10.4
695fbdd727ebe30d37aa60a3,com.ibm.cloud:sdk-core,9.1.0,9.3.0
695fbdd727ebe30d37aa1955,com.ibm.cloud:sdk-core,9.10.3,9.13.0
695fbdd727ebe30d37ac268c,com.ibm.cloud:sdk-core,8.3.0,9.10.4
695fbdd627ebe30d37a88b98,com.ibm.cloud:sdk-core,9.14.0,9.16.1
695fbdd627ebe30d37a7b76a,cc.redberry:core,1.1.8,1.1.9
695fbdd727ebe30d37abfa59,cc.redberry:core,1.1.9,1.1.10
695fbdd727ebe30d37abfa5d,cc.redberry:core,1.1.9,1.1.10
695fbdd727ebe30d37aa5e8c,org.elasticsearch.client:elasticsearch-rest-high-level-client,6.4.2,6.5.0
695fbdd627ebe30d37a75d34,org.elasticsearch.client:elasticsearch-rest-high-level-client,6.3.2,6.7.2
695fbdd727ebe30d37aa9652,org.elasticsearch.client:elasticsearch-rest-high-level-client,6.7.0,7.12.1
695fbdd727ebe30d37abd62d,org.elasticsearch.client:elasticsearch-rest-high-level-client,7.14.0,7.15.2
695fbdd627ebe30d37a7a8dd,org.elasticsearch.client:elasticsearch-rest-high-level-client,6.2.4,6.6.2
695fbdd627ebe30d37a855fc,org.elasticsearch.client:elasticsearch-rest-high-level-client,6.8.6,7.2.0
695fbdd627ebe30d37a90b24,org.elasticsearch.client:elasticsearch-rest-high-level-client,6.8.12,7.10.1
695fbdd727ebe30d37ab5612,org.elasticsearch.client:elasticsearch-rest-high-level-client,5.6.8,5.6.16
695fbdd727ebe30d37ab7990,org.elasticsearch.client:elasticsearch-rest-high-level-client,6.2.2,6.7.1
695fbdd727ebe30d37aaf3ac,io.reactivex:rxjava,1.0.1,1.0.14
695fbdd627ebe30d37a7d38f,io.reactivex:rxjava,1.1.5,1.2.2
695fbdd727ebe30d37aa3ce2,io.reactivex:rxjava,1.1.5,1.2.7
695fbdd727ebe30d37aac099,io.reactivex:rxjava,1.1.5,1.1.6
695fbdd627ebe30d37a8ca95,io.reactivex:rxjava,1.0.10,1.0.13
695fbdd627ebe30d37a74be6,io.reactivex:rxjava,1.1.6,1.2.10
695fbdd727ebe30d37ab64ff,io.reactivex:rxjava,1.0.9,1.2.1
695fbdd627ebe30d37a97932,io.reactivex:rxjava,1.0.3,1.0.6
695fbdd627ebe30d37a7d558,com.github.fangjinuo.langx:langx-java,3.6.4,4.0.0
695fbdd727ebe30d37aad3c0,com.github.fangjinuo.langx:langx-java,3.6.7,4.0.0
695fbdd627ebe30d37a96b9a,com.github.fangjinuo.langx:langx-java,4.0.0,4.0.1
695fbdd627ebe30d37a74795,com.github.fangjinuo.langx:langx-java,4.0.2,4.0.3
695fbdd727ebe30d37a9944d,com.github.fangjinuo.langx:langx-java,4.8.0,4.8.1
695fbdd727ebe30d37aad3b4,com.github.fangjinuo.langx:langx-java,3.6.7,4.0.0
695fbdd627ebe30d37a92b9f,com.github.fangjinuo.langx:langx-java,2.4.2,2.4.5
695fbdd727ebe30d37aa20fb,com.github.fangjinuo.langx:langx-java,4.2.1,4.2.2
695fbdd627ebe30d37a94a58,com.github.fangjinuo.langx:langx-java,2.10.5,2.10.6
695fbdd727ebe30d37aad3b8,com.github.fangjinuo.langx:langx-java,3.6.7,4.0.0
695fbdd627ebe30d37a7e8cf,org.mybatis:mybatis,3.2.2,3.4.0
695fbdd627ebe30d37a7e8c0,org.mybatis:mybatis,3.2.2,3.4.0
695fbdd627ebe30d37a7e8b7,org.mybatis:mybatis,3.2.2,3.4.0
695fbdd727ebe30d37ab3887,org.mybatis:mybatis,3.4.6,3.5.1
695fbdd727ebe30d37aab961,org.mybatis:mybatis,3.2.0,3.2.2
695fbdd627ebe30d37a7f2e9,org.mybatis:mybatis,3.4.6,3.5.7
695fbdd727ebe30d37a9fe09,org.mybatis:mybatis,3.1.1,3.2.1
695fbdd627ebe30d37a7bff3,org.mybatis:mybatis,3.5.11,3.5.13
695fbdd727ebe30d37a9bda7,org.mybatis:mybatis,3.4.6,3.5.2
695fbdd627ebe30d37a88b75,org.mybatis:mybatis,3.2.8,3.4.5
695fbdd627ebe30d37a7dde9,org.apache.poi:poi-ooxml,3.8,3.12
695fbdd727ebe30d37ab1636,org.apache.poi:poi-ooxml,3.17,4.0.0
695fbdd627ebe30d37a93fa0,org.apache.poi:poi-ooxml,4.1.0,5.2.3
695fbdd627ebe30d37a8e13e,org.apache.poi:poi-ooxml,3.13,5.2.2
695fbdd727ebe30d37aaae29,org.apache.poi:poi-ooxml,3.17,4.1.2
695fbdd627ebe30d37a72d40,org.apache.poi:poi-ooxml,4.1.2,5.0.0
695fbdd727ebe30d37abe04b,org.apache.poi:poi-ooxml,3.7,3.16
695fbdd727ebe30d37aa4485,org.apache.poi:poi-ooxml,3.14,3.17
695fbdd727ebe30d37aa0283,org.apache.poi:poi-ooxml,3.9,3.17
695fbdd627ebe30d37a741ee,io.github.officiallysingh:spring-boot-problem-handler,1.0,1.5
695fbdd627ebe30d37a9012e,com.beust:jcommander,1.58,1.78
695fbdd627ebe30d37a80db4,com.beust:jcommander,1.72,1.78
695fbdd627ebe30d37a7bd3d,com.beust:jcommander,1.60,1.78
695fbdd627ebe30d37a90219,com.beust:jcommander,1.30,1.82
695fbdd727ebe30d37ac02cf,com.beust:jcommander,1.48,1.72
695fbdd627ebe30d37a85cf6,com.beust:jcommander,1.25,1.30
695fbdd727ebe30d37a9b4d3,com.beust:jcommander,1.35,1.72
695fbdd727ebe30d37a9da68,com.beust:jcommander,1.60,1.72
695fbdd727ebe30d37aaee40,com.beust:jcommander,1.78,1.82
695fbdd727ebe30d37aa00ad,org.apache.solr:solr-solrj,4.10.3,8.4.1
695fbdd627ebe30d37a7f056,org.apache.solr:solr-solrj,4.4.0,6.3.0
695fbdd727ebe30d37abb996,org.apache.solr:solr-solrj,4.10.1,5.0.0
695fbdd627ebe30d37a7fdbe,org.apache.solr:solr-solrj,4.4.0,5.5.0
695fbdd627ebe30d37a9364f,org.apache.solr:solr-solrj,8.4.1,8.8.2
695fbdd627ebe30d37a8fd98,org.apache.solr:solr-solrj,4.10.4,5.1.0
695fbdd627ebe30d37a74fa6,org.apache.solr:solr-solrj,4.10.4,5.1.0
695fbdd727ebe30d37a9ae5e,org.apache.solr:solr-solrj,4.4.0,5.5.0
695fbdd727ebe30d37abc28a,org.primefaces:primefaces,6.2,7.0
695fbdd727ebe30d37aa1a44,org.primefaces:primefaces,5.3,7.0
695fbdd627ebe30d37a97c4b,org.primefaces:primefaces,6.2,11.0.0
695fbdd727ebe30d37aa876b,org.primefaces:primefaces,5.3,7.0
695fbdd727ebe30d37aa3e8c,org.primefaces:primefaces,6.2,7.0
695fbdd627ebe30d37a734f7,org.primefaces:primefaces,7.0,8.0
695fbdd727ebe30d37ab4e9b,org.primefaces:primefaces,6.1,7.0
695fbdd627ebe30d37a8dc2d,nz.ac.waikato.cms.weka:weka-stable,3.6.9,3.8.1
695fbdd627ebe30d37a8dc2e,nz.ac.waikato.cms.weka:weka-stable,3.6.9,3.8.1
695fbdd727ebe30d37ab5e36,nz.ac.waikato.cms.weka:weka-stable,3.6.11,3.6.12
695fbdd627ebe30d37a93f7e,nz.ac.waikato.cms.weka:weka-stable,3.8.0,3.8.1
695fbdd727ebe30d37aa0d07,com.github.javaparser:javaparser-core,2.5.1,3.5.18
695fbdd627ebe30d37a7fada,com.github.javaparser:javaparser-core,2.5.1,3.5.8
695fbdd727ebe30d37ab44e9,com.github.javaparser:javaparser-core,2.0.0,2.5.1
695fbdd727ebe30d37ab99ee,com.github.javaparser:javaparser-core,2.5.1,3.5.20
695fbdd727ebe30d37aada70,org.jdbi:jdbi,2.63.1,2.78
695fbdd627ebe30d37a84a0a,org.jdbi:jdbi,2.55,2.63.1
695fbdd727ebe30d37aa3e78,org.jdbi:jdbi,2.55,2.78
695fbdd727ebe30d37aa02a8,org.jdbi:jdbi,2.55,2.71
695fbdd727ebe30d37abb303,org.jdbi:jdbi,2.70,2.73
695fbdd627ebe30d37a78914,org.jdbi:jdbi,2.27,2.31.2
695fbdd727ebe30d37aa5b50,org.apache.jena:jena-arq,3.3.0,3.5.0
695fbdd627ebe30d37a72f6a,org.apache.jena:jena-arq,2.13.0,3.1.1
695fbdd727ebe30d37aa5b57,org.apache.jena:jena-arq,3.3.0,3.5.0
695fbdd627ebe30d37a91cb3,org.apache.jena:jena-arq,3.4.0,3.5.0
695fbdd727ebe30d37aaa9f6,org.apache.jena:jena-arq,4.4.0,4.5.0
695fbdd727ebe30d37ab379b,org.apache.jena:jena-arq,3.17.0,4.5.0
695fbdd727ebe30d37ab665d,org.apache.jena:jena-arq,3.9.0,3.11.0
695fbdd627ebe30d37a76741,org.apache.jena:jena-arq,4.2.0,4.4.0
695fbdd627ebe30d37a7d978,org.apache.jena:jena-arq,3.11.0,4.5.0
695fbdd627ebe30d37a81f90,org.apache.jena:jena-arq,3.17.0,4.5.0
695fbdd727ebe30d37aa93ef,org.jpmml:pmml-evaluator,1.1.4,1.4.1
695fbdd727ebe30d37abad91,org.jpmml:pmml-evaluator,1.2.15,1.3.3
695fbdd727ebe30d37aa936c,org.jpmml:pmml-evaluator,1.1.4,1.4.1
695fbdd727ebe30d37abad94,org.jpmml:pmml-evaluator,1.2.15,1.3.3
695fbdd727ebe30d37aa8d9d,org.jpmml:pmml-evaluator,1.2.15,1.3.0
695fbdd727ebe30d37ab68ce,org.jpmml:pmml-evaluator,1.2.15,1.3.3
695fbdd727ebe30d37aa9284,org.jpmml:pmml-evaluator,1.4.3,1.4.4
695fbdd627ebe30d37a7f8c8,org.jpmml:pmml-evaluator,1.2.11,1.2.12
695fbdd627ebe30d37a986f8,org.apache.commons:commons-email,1.2,1.4
695fbdd727ebe30d37aabe42,org.apache.commons:commons-email,1.3.1,1.3.2
695fbdd627ebe30d37a76aaa,org.apache.commons:commons-email,1.2,1.3.3
695fbdd727ebe30d37aad23e,org.apache.commons:commons-email,1.1,1.2
695fbdd727ebe30d37aa1744,org.apache.commons:commons-email,1.1,1.4
695fbdd727ebe30d37a9b2e6,org.apache.commons:commons-email,1.1,1.2
695fbdd727ebe30d37aa3398,org.apache.commons:commons-email,1.3.3,1.5
695fbdd727ebe30d37ab8a69,org.apache.commons:commons-email,1.4,1.5
695fbdd627ebe30d37a7beb2,com.alibaba:fastjson,1.2.0,1.2.58
695fbdd727ebe30d37a9f77c,com.alibaba:fastjson,1.2.80,1.2.83
695fbdd727ebe30d37aaaf00,com.alibaba:fastjson,1.2.69,1.2.70
695fbdd727ebe30d37abdea0,com.alibaba:fastjson,1.2.21,1.2.33
695fbdd727ebe30d37ab1ce7,com.alibaba:fastjson,1.2.60,1.2.62
695fbdd627ebe30d37a90cb2,com.alibaba:fastjson,1.2.59,1.2.60
695fbdd727ebe30d37abe4e7,com.alibaba:fastjson,1.2.17,1.2.41
695fbdd727ebe30d37aa29f9,com.alibaba:fastjson,1.2.61,1.2.62
695fbdd727ebe30d37a9d36f,com.github.bartlomiej-gora:RPNLibrary,3.2.2,4.0.0
695fbdd627ebe30d37a71858,com.alibaba.nacos:nacos-client,1.1.4,1.3.1
695fbdd727ebe30d37ab11f2,com.alibaba.nacos:nacos-client,1.2.0,1.3.2
695fbdd727ebe30d37ab0e0b,com.alibaba.nacos:nacos-client,0.4.0,0.8.0
695fbdd627ebe30d37a71e86,com.alibaba.nacos:nacos-client,1.3.2,1.4.1
695fbdd627ebe30d37a8eedd,com.alibaba.nacos:nacos-client,1.1.4,1.2.0
695fbdd727ebe30d37ab1287,com.alibaba.nacos:nacos-client,1.2.0,1.3.0
695fbdd627ebe30d37a829b2,com.alibaba.nacos:nacos-client,1.4.1,1.4.2
695fbdd727ebe30d37ab57f8,com.alibaba.nacos:nacos-client,1.4.6,2.2.4
695fbdd627ebe30d37a879e7,org.apache.lucene:lucene-core,4.10.4,5.3.1
695fbdd627ebe30d37a86650,org.apache.lucene:lucene-core,4.7.0,6.6.0
695fbdd627ebe30d37a806ee,org.apache.lucene:lucene-core,4.10.3,5.0.0
695fbdd627ebe30d37a77d34,org.apache.lucene:lucene-core,3.6.0,4.1.0
695fbdd727ebe30d37ab7bfa,commons-io:commons-io,2.13.0,20030203.000550
695fbdd627ebe30d37a8637e,commons-io:commons-io,2.6,20030203.000550
695fbdd627ebe30d37a94a5f,commons-io:commons-io,2.11.0,2.13.0
695fbdd727ebe30d37aa470a,commons-io:commons-io,2.1,2.4
695fbdd727ebe30d37aac640,commons-io:commons-io,2.6,20030203.000550
695fbdd627ebe30d37a90518,commons-io:commons-io,2.7,2.8.0
695fbdd627ebe30d37a90754,commons-io:commons-io,2.1,2.4
695fbdd727ebe30d37a995d4,commons-io:commons-io,2.5,20030203.000550
695fbdd627ebe30d37a7f8df,opensymphony:quartz,1.6.0,1.6.3
695fbdd627ebe30d37a8e5ca,org.quartz-scheduler:quartz,1.8.6,2.2.3
695fbdd727ebe30d37abe712,org.quartz-scheduler:quartz,1.8.5,2.0.2
695fbdd727ebe30d37abfa97,org.quartz-scheduler:quartz,1.8.4,2.3.0
695fbdd627ebe30d37a83e08,org.quartz-scheduler:quartz,1.8.3,2.1.2
695fbdd627ebe30d37a7dca7,org.quartz-scheduler:quartz,2.2.1,2.3.0
695fbdd727ebe30d37ac1692,org.quartz-scheduler:quartz,1.7.2,2.3.2
695fbdd727ebe30d37abe709,org.quartz-scheduler:quartz,1.8.5,2.0.2
695fbdd727ebe30d37a991cc,org.quartz-scheduler:quartz,1.8.4,2.0.0
695fbdd627ebe30d37a76660,com.opengamma.strata:strata-pricer,1.7.0,2.0.0
695fbdd627ebe30d37a76663,com.opengamma.strata:strata-pricer,1.7.0,2.0.0
695fbdd627ebe30d37a74e51,io.opentelemetry:opentelemetry-api,0.14.1,1.0.0
695fbdd627ebe30d37a97b3d,io.opentelemetry:opentelemetry-api,0.12.0,0.13.1
695fbdd627ebe30d37a71eac,io.opentelemetry:opentelemetry-api,1.32.0,1.34.1
695fbdd727ebe30d37aa1de2,io.opentelemetry:opentelemetry-api,0.13.1,0.14.1
695fbdd727ebe30d37abb2b3,io.opentelemetry:opentelemetry-api,0.14.1,1.0.0
695fbdd627ebe30d37a8f93f,io.opentelemetry:opentelemetry-api,0.14.1,1.0.0
695fbdd727ebe30d37a9f936,org.commonjava.indy:indy-promote-model-java,2.4.1,2.5.0
695fbdd727ebe30d37abe611,com.mashape.unirest:unirest-java,1.3.11,1.4.6
695fbdd727ebe30d37ab398a,com.mashape.unirest:unirest-java,1.4.7,1.4.9
695fbdd727ebe30d37aacb05,com.mashape.unirest:unirest-java,1.3.21,1.3.27
695fbdd627ebe30d37a977c9,com.mashape.unirest:unirest-java,1.3.8,1.3.9
695fbdd727ebe30d37ac003c,com.mashape.unirest:unirest-java,1.4.7,1.4.8
695fbdd727ebe30d37abee21,com.codeborne:selenide,5.2.2,5.8.0
695fbdd727ebe30d37ab9605,com.codeborne:selenide,3.9.1,4.0
695fbdd727ebe30d37a9cb94,com.codeborne:selenide,4.10.01,5.1.0
695fbdd627ebe30d37a727c2,com.codeborne:selenide,5.17.0,6.14.1
695fbdd627ebe30d37a86217,com.codeborne:selenide,4.3,5.4.1
695fbdd627ebe30d37a8bf93,com.codeborne:selenide,4.5.1,4.6
695fbdd627ebe30d37a6eedb,com.codeborne:selenide,4.4.2,4.14.0
695fbdd627ebe30d37a8aa49,com.tvd12:ezyfox-server-core,1.1.3,1.1.4
695fbdd627ebe30d37a8aa4a,com.tvd12:ezyfox-server-core,1.1.3,1.1.4
695fbdd727ebe30d37ac0290,com.tvd12:ezyfox-server-core,1.1.9,1.2.0
695fbdd627ebe30d37a78dea,com.google.api.grpc:proto-google-cloud-firestore-v1beta1,0.1.24,0.1.25
695fbdd627ebe30d37a78fcf,com.google.api.grpc:proto-google-cloud-firestore-v1beta1,0.1.21,0.1.22
695fbdd627ebe30d37a78fd0,com.google.api.grpc:proto-google-cloud-firestore-v1beta1,0.1.21,0.1.22
695fbdd727ebe30d37aafe08,org.seleniumhq.selenium:selenium-remote-driver,4.6.0,4.7.1
695fbdd727ebe30d37aa4061,org.seleniumhq.selenium:selenium-remote-driver,4.1.3,4.1.4
695fbdd627ebe30d37a7032c,org.seleniumhq.selenium:selenium-remote-driver,4.4.0,4.5.0
695fbdd727ebe30d37aba97a,org.seleniumhq.selenium:selenium-remote-driver,4.16.1,4.17.0
695fbdd627ebe30d37a90da1,org.seleniumhq.selenium:selenium-remote-driver,4.18.1,4.19.1
695fbdd727ebe30d37abe465,org.jgrapht:jgrapht-core,1.1.0,1.4.0
695fbdd627ebe30d37a8c003,org.jgrapht:jgrapht-core,1.0.1,1.4.0
695fbdd727ebe30d37ab142b,org.jgrapht:jgrapht-core,0.9.0,1.5.1
695fbdd627ebe30d37a7243d,org.jgrapht:jgrapht-core,0.9.1,1.2.0
695fbdd727ebe30d37ab1431,org.jgrapht:jgrapht-core,0.9.0,1.5.1
695fbdd627ebe30d37a73c78,org.jgrapht:jgrapht-core,0.9.1,1.3.1
695fbdd727ebe30d37ab142d,org.jgrapht:jgrapht-core,0.9.0,1.5.1
695fbdd727ebe30d37a9bea6,org.jgrapht:jgrapht-core,1.0.1,1.1.0
695fbdd627ebe30d37a73c72,org.jgrapht:jgrapht-core,0.9.1,1.3.1
695fbdd727ebe30d37aaf10d,org.mongodb:mongo-java-driver,2.12.4,3.4.2
695fbdd627ebe30d37a7412c,org.mongodb:mongo-java-driver,3.4.3,3.10.2
695fbdd727ebe30d37abea9d,org.mongodb:mongo-java-driver,3.4.3,3.5.0
695fbdd727ebe30d37a9a1c0,org.mongodb:mongo-java-driver,2.11.3,3.0.4
695fbdd627ebe30d37a81aa6,org.mongodb:mongo-java-driver,3.8.2,3.10.1
695fbdd727ebe30d37abadaf,org.mongodb:mongo-java-driver,2.11.3,3.1.1
695fbdd727ebe30d37abf708,org.jdom:jdom2,2.0.4,2.0.6
695fbdd627ebe30d37a857d0,org.jdom:jdom2,2.0.5,2.0.6
695fbdd727ebe30d37aa3fe5,org.jdom:jdom2,2.0.5,2.0.6
695fbdd727ebe30d37abf707,org.jdom:jdom2,2.0.4,2.0.6
695fbdd727ebe30d37abf709,org.jdom:jdom2,2.0.4,2.0.6
695fbdd627ebe30d37a70823,com.google.truth:truth,1.1.2,1.1.3
695fbdd627ebe30d37a89a0b,com.google.truth:truth,0.25,0.34
695fbdd727ebe30d37a9ef47,com.google.truth:truth,0.42,1.1.2
695fbdd627ebe30d37a8a8f0,com.google.truth:truth,1.0.1,1.1.3
695fbdd727ebe30d37aadb9d,com.google.truth:truth,0.24,0.25
695fbdd727ebe30d37aabd31,com.google.truth:truth,0.25,0.34
695fbdd627ebe30d37a93810,org.ops4j.pax.exam:pax-exam,1.2.3,4.9.1
695fbdd627ebe30d37a71831,org.ops4j.pax.exam:pax-exam,4.10.0,4.11.0
695fbdd727ebe30d37aa9814,org.ops4j.pax.exam:pax-exam,4.13.1,4.13.4
695fbdd627ebe30d37a807b5,org.ops4j.pax.exam:pax-exam,4.13.1,4.13.2
695fbdd627ebe30d37a81714,org.ops4j.pax.exam:pax-exam,3.4.0,4.9.1
695fbdd727ebe30d37aa9470,org.apache.commons:commons-csv,1.1,1.9.0
695fbdd627ebe30d37a8d772,org.apache.commons:commons-csv,1.1,1.4
695fbdd727ebe30d37abffd1,org.apache.commons:commons-csv,1.8,1.9.0
695fbdd627ebe30d37a7b71e,org.apache.commons:commons-csv,1.8,1.9.0
695fbdd727ebe30d37abbc50,org.apache.commons:commons-csv,1.4,1.9.0
695fbdd727ebe30d37aab513,org.apache.commons:commons-csv,1.8,1.10.0
695fbdd627ebe30d37a8e6f8,org.apache.commons:commons-csv,1.8,1.9.0
695fbdd627ebe30d37a72934,org.apache.commons:commons-csv,1.4,1.8
695fbdd627ebe30d37a8cb23,org.apache.commons:commons-csv,1.8,1.10.0
695fbdd727ebe30d37ab0551,org.jfrog.buildinfo:build-info-extractor,2.26.1,2.39.1
695fbdd627ebe30d37a93ad7,org.jfrog.buildinfo:build-info-extractor,2.26.1,2.37.3
695fbdd727ebe30d37ab054d,org.jfrog.buildinfo:build-info-extractor,2.26.1,2.39.1
695fbdd627ebe30d37a93ad9,org.jfrog.buildinfo:build-info-extractor,2.26.1,2.37.3
695fbdd727ebe30d37ab20a2,org.jfrog.buildinfo:build-info-extractor,2.28.8,2.41.7
695fbdd727ebe30d37ab054e,org.jfrog.buildinfo:build-info-extractor,2.26.1,2.39.1
695fbdd627ebe30d37a93ad4,org.jfrog.buildinfo:build-info-extractor,2.26.1,2.37.3
695fbdd727ebe30d37aac3ba,org.osgi:org.osgi.service.cm,1.5.0,1.6.0
695fbdd627ebe30d37a83796,org.osgi:org.osgi.service.cm,1.5.0,1.6.0
695fbdd727ebe30d37aa9135,commons-logging:commons-logging,1.1,1.2
695fbdd727ebe30d37aa9150,commons-logging:commons-logging,1.1,1.2
695fbdd627ebe30d37a8e120,commons-logging:commons-logging,1.1,1.1.1
695fbdd727ebe30d37aa4e7d,commons-logging:commons-logging,1.1,1.2
695fbdd627ebe30d37a8a577,commons-logging:commons-logging,1.1.1,1.2
695fbdd627ebe30d37a6ef7b,commons-logging:commons-logging,1.1,1.2
695fbdd727ebe30d37ac1dab,commons-logging:commons-logging,1.1.3,1.2
695fbdd627ebe30d37a8eaa1,commons-logging:commons-logging,1.1.1,1.2
695fbdd727ebe30d37ab00e8,commons-logging:commons-logging,1.1.1,1.2
695fbdd727ebe30d37aad317,commons-logging:commons-logging,1.1.1,1.1.3
695fbdd727ebe30d37aa3ab2,com.fasterxml.jackson.core:jackson-core,2.11.4,2.13.0
695fbdd727ebe30d37aa4320,com.fasterxml.jackson.core:jackson-core,2.12.1,2.15.2
695fbdd727ebe30d37ab68b8,com.fasterxml.jackson.core:jackson-core,2.6.0,2.6.1
695fbdd627ebe30d37a8c381,com.fasterxml.jackson.core:jackson-core,2.5.4,2.9.5
695fbdd727ebe30d37a9f541,com.fasterxml.jackson.core:jackson-core,2.15.3,2.17.0
695fbdd627ebe30d37a7e8ea,com.fasterxml.jackson.core:jackson-core,2.2.1,2.3.1
695fbdd727ebe30d37aa2e52,com.fasterxml.jackson.core:jackson-core,2.1.1,2.2.0
695fbdd627ebe30d37a8b41a,com.fasterxml.jackson.core:jackson-core,2.7.4,2.9.10
695fbdd727ebe30d37aa2923,com.fasterxml.jackson.core:jackson-core,2.3.2,2.5.1
695fbdd727ebe30d37a9ba14,com.fasterxml.jackson.core:jackson-core,2.4.2,2.7.3
695fbdd727ebe30d37ab1cb0,com.laserfiche:lf-api-client-core,1.1.0,2.0.0
695fbdd727ebe30d37ab1caf,com.laserfiche:lf-api-client-core,1.1.0,2.0.0
